{
	"easycom": {
		"autoscan": true,
		"custom": {
			// uni-ui 规则如下配置
			"^uni-(.*)": "@dcloudio/uni-ui/lib/uni-$1/uni-$1.vue",
			"^g-(.*)": "@/components/g-$1.vue",
			"^g-(.*)": "@/components/g-$1/index.vue"
		}
	},
	"pages": [
	
		{
			"path": "pages/designCenter/designCenter",
			"style": {
				"navigationStyle": "custom",
				"navigationBarTitleText": "设计",
				"backgroundColor": "#ffffff",
				"enablePullDownRefresh": false
			}
		},
		{
			"path": "pages/index/index",
			"style": {
				"navigationBarTitleText": "登陆",
				"navigationStyle": "custom",
				"backgroundColor": "#ffffff"
			}
		},
		{
			"path": "pages/userAgreement/userAgreement",
			"style": {
				"navigationBarTitleText": "用户隐私协议",
				"enablePullDownRefresh": false,
				"backgroundColor": "#ffffff"
			}
		},
		{
			"path": "pages/userCenter/userCenter",
			"style": {
				"navigationBarTitleText": "",
				"navigationStyle": "custom",
				"enablePullDownRefresh": false
			}
		},
		{
			"path": "pages/editUserInfo/editUserInfo",
			"style": {
				"navigationBarTitleText": "编辑资料",
				"enablePullDownRefresh": false
			}
		},
		{
			"path" : "pages/historyDesign/historyDesign",
			"style" : 
			{
				"navigationBarTitleText" : "历史创作",
				"enablePullDownRefresh" : false
			}
		}
	],
	"globalStyle": {
		"navigationBarTextStyle": "black",
		"navigationBarTitleText": "uni-app",
		"navigationBarBackgroundColor": "#ffffff",
		"backgroundColor": "#ffffff",
		"app-plus": {
			"background": "#ffffff"
		}
	}
}