{
  "id": "4558340",
  "name": "话图",
  "font_family": "iconfont",
  "css_prefix_text": "icon-",
  "description": "",
  "glyphs": [
    {
      "icon_id": "40443225",
      "name": "男",
      "font_class": "nan",
      "unicode": "e640",
      "unicode_decimal": 58944
    },
    {
      "icon_id": "40443224",
      "name": "组合 7205",
      "font_class": "a-zuhe7205",
      "unicode": "e641",
      "unicode_decimal": 58945
    },
    {
      "icon_id": "40443223",
      "name": "女",
      "font_class": "nv",
      "unicode": "e642",
      "unicode_decimal": 58946
    },
    {
      "icon_id": "40443222",
      "name": "组合 7212",
      "font_class": "a-zuhe72121",
      "unicode": "e643",
      "unicode_decimal": 58947
    },
    {
      "icon_id": "40443240",
      "name": "矢量 3",
      "font_class": "a-shiliang3",
      "unicode": "e63e",
      "unicode_decimal": 58942
    },
    {
      "icon_id": "40443276",
      "name": "组合 7237",
      "font_class": "a-zuhe72371",
      "unicode": "e633",
      "unicode_decimal": 58931
    },
    {
      "icon_id": "40443275",
      "name": "组合 7238",
      "font_class": "a-zuhe72381",
      "unicode": "e634",
      "unicode_decimal": 58932
    },
    {
      "icon_id": "40443179",
      "name": "组合 7258",
      "font_class": "a-zuhe7258",
      "unicode": "e632",
      "unicode_decimal": 58930
    },
    {
      "icon_id": "40443178",
      "name": "组合 7276",
      "font_class": "a-zuhe7276",
      "unicode": "e635",
      "unicode_decimal": 58933
    },
    {
      "icon_id": "40443177",
      "name": "组合 7237",
      "font_class": "a-zuhe7237",
      "unicode": "e636",
      "unicode_decimal": 58934
    },
    {
      "icon_id": "40443176",
      "name": "组合 7178",
      "font_class": "a-zuhe7178",
      "unicode": "e637",
      "unicode_decimal": 58935
    },
    {
      "icon_id": "40443175",
      "name": "更多",
      "font_class": "gengduo",
      "unicode": "e638",
      "unicode_decimal": 58936
    },
    {
      "icon_id": "40443174",
      "name": "组合 7238",
      "font_class": "a-zuhe7238",
      "unicode": "e639",
      "unicode_decimal": 58937
    },
    {
      "icon_id": "40443173",
      "name": "组合 7212",
      "font_class": "a-zuhe7212",
      "unicode": "e63a",
      "unicode_decimal": 58938
    },
    {
      "icon_id": "40443168",
      "name": "历史 (1)",
      "font_class": "a-lishi1",
      "unicode": "e63b",
      "unicode_decimal": 58939
    },
    {
      "icon_id": "40443172",
      "name": "组合 7212-1",
      "font_class": "a-zuhe7212-1",
      "unicode": "e63c",
      "unicode_decimal": 58940
    },
    {
      "icon_id": "40443170",
      "name": "添加",
      "font_class": "tianjia",
      "unicode": "e63d",
      "unicode_decimal": 58941
    },
    {
      "icon_id": "40443182",
      "name": "消息",
      "font_class": "xiaoxi",
      "unicode": "e630",
      "unicode_decimal": 58928
    },
    {
      "icon_id": "40443181",
      "name": "编组 18",
      "font_class": "a-bianzu18",
      "unicode": "e62f",
      "unicode_decimal": 58927
    },
    {
      "icon_id": "40443180",
      "name": "组合 7257",
      "font_class": "a-zuhe7257",
      "unicode": "e631",
      "unicode_decimal": 58929
    }
  ]
}
